Neighborhood,Neighborhood ID,Ward,Latitude,Longitude,Location
Leger,5630,9,53.45516059999779,-113.57917250000003,POINT (-113.57917250000003 53.45516059999779)
Downtown,1090,6,53.53891429999784,-113.50679000000002,POINT (-113.50679000000002 53.53891429999784)
River Valley Whitemud,5400,10,53.50151399999782,-113.55850000000002,POINT (-113.55850000000002 53.50151399999782)
Homesteader,2350,4,53.585766299997864,-113.40800280000003,POINT (-113.40800280000003 53.585766299997864)
Cromdale,1070,7,53.55984119999784,-113.47035220000002,POINT (-113.47035220000002 53.55984119999784)
Beacon Heights,2040,7,53.57045029999785,-113.41004830000003,POINT (-113.41004830000003 53.57045029999785)
Mill Creek Ravine North,6491,8,53.53257899999784,-113.48226200000003,POINT (-113.48226200000003 53.53257899999784)
Glengarry,2290,7,53.59440079999786,-113.47656630000003,POINT (-113.47656630000003 53.59440079999786)
Clareview Town Centre,2145,4,53.60225389999787,-113.41033700000003,POINT (-113.41033700000003 53.60225389999787)
Royal Gardens,5430,10,53.4823858999978,-113.52443250000003,POINT (-113.52443250000003 53.4823858999978)
Davies Industrial West,6170,11,53.492550499997805,-113.45673520000003,POINT (-113.45673520000003 53.492550499997805)
Mill Woods Park,6510,11,53.456950999997794,-113.44524600000003,POINT (-113.44524600000003 53.456950999997794)
Ottewell,6550,8,53.538675699997825,-113.42281790000003,POINT (-113.42281790000003 53.538675699997825)
Bonnie Doon,6040,8,53.52367319999782,-113.45670270000002,POINT (-113.45670270000002 53.52367319999782)
Boyle Street,1020,6,53.548287399997854,-113.48413440000003,POINT (-113.48413440000003 53.548287399997854)
Idylwylde,6320,8,53.523420799997815,-113.45540410000002,POINT (-113.45540410000002 53.523420799997815)
Windsor Park,5580,8,53.523428999997826,-113.53499500000002,POINT (-113.53499500000002 53.523428999997826)
Riverdale,1210,6,53.54644669999784,-113.47385910000003,POINT (-113.47385910000003 53.54644669999784)
Mill Creek Ravine North,6491,8,53.52287189999783,-113.47489280000003,POINT (-113.47489280000003 53.52287189999783)
Glengarry,2290,7,53.594634399997865,-113.47224700000002,POINT (-113.47224700000002 53.594634399997865)
Summerlea,4520,1,53.52050499999783,-113.62291390000001,POINT (-113.62291390000001 53.52050499999783)
Meadowlark Park,4310,1,53.52358569999782,-113.59092800000003,POINT (-113.59092800000003 53.52358569999782)
Kiniski Gardens,6370,11,53.46776099999781,-113.40221400000003,POINT (-113.40221400000003 53.46776099999781)
River Valley Walterdale,5390,8,53.52655029999784,-113.50594840000002,POINT (-113.50594840000002 53.52655029999784)
Blatchford Area,1111,2,53.57897379999786,-113.50527780000003,POINT (-113.50527780000003 53.57897379999786)
The Hamptons,4461,5,53.492583199997796,-113.68263900000001,POINT (-113.68263900000001 53.492583199997796)
Mistatim Industrial,4320,2,53.59782449999787,-113.60390700000004,POINT (-113.60390700000004 53.59782449999787)
Highlands,2330,7,53.57004219999785,-113.41940920000003,POINT (-113.41940920000003 53.57004219999785)
Yellowhead Corridor East,1270,7,53.58059799999786,-113.45019900000003,POINT (-113.45019900000003 53.58059799999786)
Boyle Street,1020,6,53.54477479999783,-113.48267290000003,POINT (-113.48267290000003 53.54477479999783)
Glenora,3200,6,53.54706849999784,-113.55661220000003,POINT (-113.55661220000003 53.54706849999784)
Blatchford Area,1111,2,53.580610599997854,-113.50658790000003,POINT (-113.50658790000003 53.580610599997854)
Davies Industrial West,6170,11,53.494533099997824,-113.45560740000003,POINT (-113.45560740000003 53.494533099997824)
Killarney,2420,7,53.590258099997854,-113.47587100000003,POINT (-113.47587100000003 53.590258099997854)
North Glenora,3310,6,53.55548699999785,-113.55739500000003,POINT (-113.55739500000003 53.55548699999785)
Ambleside,5505,9,53.42547869999777,-113.58674330000002,POINT (-113.58674330000002 53.42547869999777)
McIntyre Industrial,6430,11,53.48548669999781,-113.45245520000003,POINT (-113.45245520000003 53.48548669999781)
McKernan,5290,8,53.51231929999783,-113.52525550000003,POINT (-113.52525550000003 53.51231929999783)
Boyle Street,1020,6,53.54746659999784,-113.48363300000003,POINT (-113.48363300000003 53.54746659999784)
Rio Terrace,4430,5,53.50827319999781,-113.58866260000003,POINT (-113.58866260000003 53.50827319999781)
Yellowhead Corridor East,1270,7,53.58243139999785,-113.44859580000004,POINT (-113.44859580000004 53.58243139999785)
Strathcona,5480,8,53.519187899997824,-113.49541020000002,POINT (-113.49541020000002 53.519187899997824)
Boyle Street,1020,6,53.54505099999785,-113.48628630000003,POINT (-113.48628630000003 53.54505099999785)
Kensington,3250,2,53.596272499997866,-113.53182120000002,POINT (-113.53182120000002 53.596272499997866)
Calder,3070,2,53.58577839999786,-113.52810580000003,POINT (-113.52810580000003 53.58577839999786)
Downtown,1090,6,53.53894639999783,-113.49726660000003,POINT (-113.49726660000003 53.53894639999783)
Mill Woods Town Centre,6520,11,53.45605149999779,-113.42648010000003,POINT (-113.42648010000003 53.45605149999779)
Avonmore,6020,11,53.50974409999782,-113.44915150000001,POINT (-113.44915150000001 53.50974409999782)
Downtown,1090,6,53.54326819999784,-113.48906220000003,POINT (-113.48906220000003 53.54326819999784)
Davies Industrial West,6170,11,53.494295799997815,-113.45587070000003,POINT (-113.45587070000003 53.494295799997815)
Forest Heights,6230,8,53.54546019999785,-113.44451530000003,POINT (-113.44451530000003 53.54546019999785)
Greenfield,5220,10,53.47317369999781,-113.53378230000003,POINT (-113.53378230000003 53.47317369999781)
Clareview Town Centre,2145,4,53.60143789999787,-113.40206170000003,POINT (-113.40206170000003 53.60143789999787)
Tamarack,6443,12,53.4787337999978,-113.36790880000002,POINT (-113.36790880000002 53.4787337999978)
Newton,2560,7,53.57518099999787,-113.42650200000003,POINT (-113.42650200000003 53.57518099999787)
Pleasantview,5320,10,53.49424999999781,-113.51129000000003,POINT (-113.51129000000003 53.49424999999781)
Downtown,1090,6,53.54412649999783,-113.48893560000003,POINT (-113.48893560000003 53.54412649999783)
Summerlea,4520,1,53.52040289999782,-113.62230630000002,POINT (-113.62230630000002 53.52040289999782)
Clareview Town Centre,2145,4,53.60182889999786,-113.41112600000002,POINT (-113.41112600000002 53.60182889999786)
Downtown,1090,6,53.542924799997834,-113.49762320000004,POINT (-113.49762320000004 53.542924799997834)
Secord,4487,1,53.53362209999783,-113.69147670000001,POINT (-113.69147670000001 53.53362209999783)
Downtown,1090,6,53.54436169999784,-113.49064040000003,POINT (-113.49064040000003 53.54436169999784)
Royal Gardens,5430,10,53.4779487999978,-113.53805580000002,POINT (-113.53805580000002 53.4779487999978)
Kennedale Industrial,2380,4,53.588821099997865,-113.43080020000002,POINT (-113.43080020000002 53.588821099997865)
Eaux Claires,2241,3,53.618988199997865,-113.48926190000003,POINT (-113.48926190000003 53.618988199997865)
Gold Bar,6270,8,53.54841229999785,-113.41444720000003,POINT (-113.41444720000003 53.54841229999785)
Woodcroft,3450,2,53.56062929999784,-113.55919060000002,POINT (-113.55919060000002 53.56062929999784)
Downtown,1090,6,53.54750829999783,-113.49390220000002,POINT (-113.49390220000002 53.54750829999783)
Downtown,1090,6,53.54384899999783,-113.49064090000003,POINT (-113.49064090000003 53.54384899999783)
Leger,5630,9,53.45584139999778,-113.58100120000003,POINT (-113.58100120000003 53.45584139999778)
Ellerslie Industrial,6214,12,53.41167239999777,-113.49140600000003,POINT (-113.49140600000003 53.41167239999777)
Dunluce,3180,3,53.62338419999788,-113.52572580000003,POINT (-113.52572580000003 53.62338419999788)
Downtown,1090,6,53.538926599997836,-113.49906260000003,POINT (-113.49906260000003 53.538926599997836)
McCauley,1140,6,53.54880809999784,-113.48836460000003,POINT (-113.48836460000003 53.54880809999784)
Daly Grove,6150,12,53.44943629999779,-113.39905850000002,POINT (-113.39905850000002 53.44943629999779)
Clareview Town Centre,2145,4,53.60223279999787,-113.41164500000002,POINT (-113.41164500000002 53.60223279999787)
McLeod,2530,4,53.60985279999787,-113.43172600000003,POINT (-113.43172600000003 53.60985279999787)
Davies Industrial West,6170,11,53.492324399997806,-113.45882800000003,POINT (-113.45882800000003 53.492324399997806)
Blatchford Area,1111,2,53.571318599997845,-113.50466940000003,POINT (-113.50466940000003 53.571318599997845)
Garneau,5200,8,53.51991359999783,-113.51371640000004,POINT (-113.51371640000004 53.51991359999783)
University of Alberta Farm,5530,10,53.50218829999782,-113.52847310000003,POINT (-113.52847310000003 53.50218829999782)
Central McDougall,1030,6,53.55807649999784,-113.50114150000003,POINT (-113.50114150000003 53.55807649999784)
Kildare,2400,7,53.60238849999787,-113.45876470000003,POINT (-113.45876470000003 53.60238849999787)
Dunluce,3180,3,53.61690989999789,-113.52008340000003,POINT (-113.52008340000003 53.61690989999789)
Kennedale Industrial,2380,4,53.58663659999785,-113.43174100000003,POINT (-113.43174100000003 53.58663659999785)
Tamarack,6443,12,53.47850029999781,-113.36655990000003,POINT (-113.36655990000003 53.47850029999781)
Elmwood,4140,5,53.51656129999781,-113.60612890000003,POINT (-113.60612890000003 53.51656129999781)
Delton,1080,7,53.57905599999786,-113.47584900000003,POINT (-113.47584900000003 53.57905599999786)
Holyrood,6310,8,53.531034999997836,-113.45220700000003,POINT (-113.45220700000003 53.531034999997836)
Ermineskin,5180,10,53.45637719999778,-113.51573760000002,POINT (-113.51573760000002 53.45637719999778)
Clareview Town Centre,2145,4,53.60154799999788,-113.41149210000003,POINT (-113.41149210000003 53.60154799999788)
Downtown,1090,6,53.54637489999784,-113.49142860000003,POINT (-113.49142860000003 53.54637489999784)
White Industrial,4630,1,53.55737219999786,-113.65032410000002,POINT (-113.65032410000002 53.55737219999786)
Downtown,1090,6,53.53597099999785,-113.49915870000002,POINT (-113.49915870000002 53.53597099999785)
Virginia Park,1240,7,53.56081389999784,-113.45535840000002,POINT (-113.45535840000002 53.56081389999784)
River Valley Walterdale,5390,8,53.52819399999782,-113.52010900000003,POINT (-113.52010900000003 53.52819399999782)
Poundmaker Industrial,4410,1,53.55161389999784,-113.64495470000001,POINT (-113.64495470000001 53.55161389999784)
Potter Greens,4710,1,53.52309469999784,-113.66577180000002,POINT (-113.66577180000002 53.52309469999784)
Eaux Claires,2241,3,53.61836449999787,-113.49098920000003,POINT (-113.49098920000003 53.61836449999787)
Beacon Heights,2040,7,53.57462499999786,-113.40704600000002,POINT (-113.40704600000002 53.57462499999786)
University of Alberta,5520,8,53.51937369999782,-113.52587590000003,POINT (-113.52587590000003 53.51937369999782)
Ermineskin,5180,10,53.454438499997785,-113.50093030000002,POINT (-113.50093030000002 53.454438499997785)
Glenora,3200,6,53.546780499997844,-113.55665750000003,POINT (-113.55665750000003 53.546780499997844)
Downtown,1090,6,53.542894199997846,-113.49908930000002,POINT (-113.49908930000002 53.542894199997846)
Northmount,2580,7,53.59984519999787,-113.49075190000003,POINT (-113.49075190000003 53.59984519999787)
River Valley Victoria,1200,6,53.53402539999783,-113.50993750000004,POINT (-113.50993750000004 53.53402539999783)
Ellerslie Industrial,6214,12,53.41174909999776,-113.49080100000003,POINT (-113.49080100000003 53.41174909999776)
Downtown,1090,6,53.53986119999783,-113.49031430000002,POINT (-113.49031430000002 53.53986119999783)
Poundmaker Industrial,4410,1,53.55137469999784,-113.64453260000002,POINT (-113.64453260000002 53.55137469999784)
Forest Heights,6230,8,53.538328799997835,-113.45655880000002,POINT (-113.45655880000002 53.538328799997835)
Ritchie,6610,11,53.51761429999783,-113.49114860000003,POINT (-113.49114860000003 53.51761429999783)
Rossdale,1220,6,53.53207299999783,-113.49470400000003,POINT (-113.49470400000003 53.53207299999783)
McCauley,1140,6,53.56005029999784,-113.47186070000002,POINT (-113.47186070000002 53.56005029999784)
Queen Alexandra,5330,8,53.50828309999782,-113.50168190000002,POINT (-113.50168190000002 53.50828309999782)
High Park,4200,1,53.55723509999786,-113.58807110000002,POINT (-113.58807110000002 53.55723509999786)
Eaux Claires,2241,3,53.618948399997876,-113.48891860000003,POINT (-113.48891860000003 53.618948399997876)
Delwood,2230,7,53.596658599997866,-113.45677580000003,POINT (-113.45677580000003 53.596658599997866)
Empire Park,5170,10,53.48591269999781,-113.51638590000003,POINT (-113.51638590000003 53.48591269999781)
Mitchell Industrial,4330,2,53.572027899997856,-113.58806160000003,POINT (-113.58806160000003 53.572027899997856)
Leger,5630,9,53.4553642999978,-113.57915370000003,POINT (-113.57915370000003 53.4553642999978)
Davies Industrial West,6170,11,53.49187349999781,-113.45672740000003,POINT (-113.45672740000003 53.49187349999781)
Strathcona,5480,8,53.52820759999783,-113.48080330000003,POINT (-113.48080330000003 53.52820759999783)
Parkdale,1160,7,53.568253499997844,-113.46385640000003,POINT (-113.46385640000003 53.568253499997844)
Davies Industrial West,6170,11,53.49320469999781,-113.45520170000003,POINT (-113.45520170000003 53.49320469999781)
Blatchford Area,1111,2,53.578157499997864,-113.50551550000003,POINT (-113.50551550000003 53.578157499997864)
Richfield,6600,11,53.4732455999978,-113.45737540000003,POINT (-113.45737540000003 53.4732455999978)
Glengarry,2290,7,53.59406399999787,-113.47611010000003,POINT (-113.47611010000003 53.59406399999787)
Ekota,6200,11,53.44918729999778,-113.44068290000003,POINT (-113.44068290000003 53.44918729999778)
Riverdale,1210,6,53.54289179999783,-113.47739930000003,POINT (-113.47739930000003 53.54289179999783)
Calder,3070,2,53.58922739999786,-113.52805720000003,POINT (-113.52805720000003 53.58922739999786)
Strathearn,6710,8,53.53098709999783,-113.46858630000003,POINT (-113.46858630000003 53.53098709999783)
Garneau,5200,8,53.52108939999783,-113.51230650000002,POINT (-113.51230650000002 53.52108939999783)
Blatchford Area,1111,2,53.572003399997854,-113.50670250000003,POINT (-113.50670250000003 53.572003399997854)
River Valley Glenora,3381,6,53.53969499999785,-113.53841320000002,POINT (-113.53841320000002 53.53969499999785)
South Terwillegar,5642,9,53.440828399997784,-113.57848300000003,POINT (-113.57848300000003 53.440828399997784)
Kilkenny,2410,3,53.60675199999787,-113.45361870000004,POINT (-113.45361870000004 53.60675199999787)
Downtown,1090,6,53.542875099997836,-113.50096540000003,POINT (-113.50096540000003 53.542875099997836)
Westridge,4610,5,53.50871299999782,-113.60485030000002,POINT (-113.60485030000002 53.50871299999782)
Keheewin,5250,10,53.44818999999779,-113.50450000000002,POINT (-113.50450000000002 53.44818999999779)
Mistatim Industrial,4320,2,53.59756179999786,-113.60320490000002,POINT (-113.60320490000002 53.59756179999786)
Kameyosek,6340,11,53.459669999997786,-113.43510510000003,POINT (-113.43510510000003 53.459669999997786)
Lynnwood,4280,5,53.51671159999783,-113.58970590000003,POINT (-113.58970590000003 53.51671159999783)
Central McDougall,1030,6,53.54921889999785,-113.50046270000003,POINT (-113.50046270000003 53.54921889999785)
Westmount,3440,6,53.552464899997844,-113.53574230000002,POINT (-113.53574230000002 53.552464899997844)
Boyle Street,1020,6,53.54460899999785,-113.47658910000003,POINT (-113.47658910000003 53.54460899999785)
Central McDougall,1030,6,53.54936669999784,-113.50088250000003,POINT (-113.50088250000003 53.54936669999784)
River Valley Mayfair,5370,8,53.534895999997836,-113.53964800000003,POINT (-113.53964800000003 53.534895999997836)
Potter Greens,4710,1,53.523135899997826,-113.66632970000002,POINT (-113.66632970000002 53.523135899997826)
Blatchford Area,1111,2,53.580064799997864,-113.50647570000002,POINT (-113.50647570000002 53.580064799997864)
Davies Industrial West,6170,11,53.49602829999781,-113.45654210000002,POINT (-113.45654210000002 53.49602829999781)
Cumberland,3150,2,53.61098299999786,-113.54472800000003,POINT (-113.54472800000003 53.61098299999786)
Boyle Street,1020,6,53.547383199997846,-113.48409550000002,POINT (-113.48409550000002 53.547383199997846)
Terrace Heights,6730,8,53.539863999997834,-113.43203400000003,POINT (-113.43203400000003 53.539863999997834)
Davies Industrial West,6170,11,53.49316029999782,-113.45519260000002,POINT (-113.45519260000002 53.49316029999782)
Mill Woods Town Centre,6520,11,53.45619099999779,-113.42544030000003,POINT (-113.42544030000003 53.45619099999779)
Yellowhead Corridor East,1270,7,53.58115429999786,-113.44751240000002,POINT (-113.44751240000002 53.58115429999786)
River Valley Walterdale,5390,8,53.525684899997835,-113.51319060000003,POINT (-113.51319060000003 53.525684899997835)
Meadowlark Park,4310,1,53.523731899997834,-113.59143550000003,POINT (-113.59143550000003 53.523731899997834)
Yellowhead Corridor East,1270,7,53.581105499997854,-113.44980470000003,POINT (-113.44980470000003 53.581105499997854)
Roper Industrial,6640,11,53.49370639999782,-113.41895390000003,POINT (-113.41895390000003 53.49370639999782)
Bonnie Doon,6040,8,53.52366689999783,-113.45681800000003,POINT (-113.45681800000003 53.52366689999783)
Laurier Heights,3270,5,53.51666199999782,-113.56852300000003,POINT (-113.56852300000003 53.51666199999782)
Boyle Street,1020,6,53.54355899999784,-113.48181300000003,POINT (-113.48181300000003 53.54355899999784)
Davies Industrial West,6170,11,53.494923899997815,-113.45775680000003,POINT (-113.45775680000003 53.494923899997815)
Downtown,1090,6,53.541111399997824,-113.50097790000002,POINT (-113.50097790000002 53.541111399997824)
Northmount,2580,7,53.603498199997865,-113.48327860000003,POINT (-113.48327860000003 53.603498199997865)
Blatchford Area,1111,2,53.57794829999786,-113.50585150000003,POINT (-113.50585150000003 53.57794829999786)
McIntyre Industrial,6430,11,53.485553699997794,-113.45165320000002,POINT (-113.45165320000002 53.485553699997794)
North Glenora,3310,6,53.555622899997864,-113.55717020000003,POINT (-113.55717020000003 53.555622899997864)
Westridge,4610,5,53.506791399997816,-113.60475090000003,POINT (-113.60475090000003 53.506791399997816)
Rosedale Industrial,6650,11,53.4979438999978,-113.48790170000002,POINT (-113.48790170000002 53.4979438999978)
Mill Woods Town Centre,6520,11,53.45628949999779,-113.42664640000001,POINT (-113.42664640000001 53.45628949999779)
Ermineskin,5180,10,53.45706719999779,-113.51554710000003,POINT (-113.51554710000003 53.45706719999779)
Hazeldean,6290,11,53.50321289999781,-113.47842240000003,POINT (-113.47842240000003 53.50321289999781)
Riverdale,1210,6,53.542110099997856,-113.47432050000003,POINT (-113.47432050000003 53.542110099997856)
Yellowhead Corridor East,1270,7,53.58054179999785,-113.44947210000002,POINT (-113.44947210000002 53.58054179999785)
Evansdale,2260,3,53.61046199999787,-113.48174000000003,POINT (-113.48174000000003 53.61046199999787)
Mistatim Industrial,4320,2,53.59717099999787,-113.60407520000003,POINT (-113.60407520000003 53.59717099999787)
Belmont,2070,4,53.59371679999788,-113.39157040000003,POINT (-113.39157040000003 53.59371679999788)
Silver Berry,6442,12,53.457962299997796,-113.36945520000003,POINT (-113.36945520000003 53.457962299997796)
Eastwood,1100,7,53.570547399997864,-113.46080890000003,POINT (-113.46080890000003 53.570547399997864)
Clareview Town Centre,2145,4,53.60267059999787,-113.41122790000003,POINT (-113.41122790000003 53.60267059999787)
Kennedale Industrial,2380,4,53.58778599999786,-113.43087300000003,POINT (-113.43087300000003 53.58778599999786)
Ellerslie Industrial,6214,12,53.410781199997786,-113.48990120000003,POINT (-113.48990120000003 53.410781199997786)
Glengarry,2290,7,53.59403539999787,-113.47551200000002,POINT (-113.47551200000002 53.59403539999787)
Downtown,1090,6,53.54067659999782,-113.49040180000003,POINT (-113.49040180000003 53.54067659999782)
Downtown,1090,6,53.53902599999783,-113.49546360000002,POINT (-113.49546360000002 53.53902599999783)
River Valley Walterdale,5390,8,53.523361999997825,-113.50032760000003,POINT (-113.50032760000003 53.523361999997825)
Spruce Avenue,1230,2,53.56593599999784,-113.49689200000003,POINT (-113.49689200000003 53.56593599999784)
Bonnie Doon,6040,8,53.528139599997836,-113.47047990000003,POINT (-113.47047990000003 53.528139599997836)
Lago Lindo,2450,3,53.6349620999979,-113.48736850000003,POINT (-113.48736850000003 53.6349620999979)
Kennedale Industrial,2380,4,53.58584849999786,-113.43212650000002,POINT (-113.43212650000002 53.58584849999786)
Downtown,1090,6,53.54145449999783,-113.50823670000003,POINT (-113.50823670000003 53.54145449999783)
Mitchell Industrial,4330,2,53.57140189999786,-113.58990500000003,POINT (-113.58990500000003 53.57140189999786)
Kennedale Industrial,2380,4,53.58629899999786,-113.43199850000003,POINT (-113.43199850000003 53.58629899999786)
Summerlea,4520,1,53.52067719999782,-113.62234630000002,POINT (-113.62234630000002 53.52067719999782)
Steinhauer,5470,10,53.46417119999779,-113.50514530000002,POINT (-113.50514530000002 53.46417119999779)
River Valley Laurier,3382,5,53.51108099999782,-113.56792290000003,POINT (-113.56792290000003 53.51108099999782)
Wellington,3430,2,53.59624579999787,-113.54951610000003,POINT (-113.54951610000003 53.59624579999787)
Downtown,1090,6,53.54349939999784,-113.50446760000003,POINT (-113.50446760000003 53.54349939999784)
Downtown,1090,6,53.54605489999785,-113.49102370000003,POINT (-113.49102370000003 53.54605489999785)
Alberta Avenue,1010,7,53.56728959999784,-113.48682480000002,POINT (-113.48682480000002 53.56728959999784)
Riverdale,1210,6,53.541757999997834,-113.47285800000003,POINT (-113.47285800000003 53.541757999997834)
Downtown,1090,6,53.54457889999785,-113.49360130000002,POINT (-113.49360130000002 53.54457889999785)
Cromdale,1070,7,53.56113479999785,-113.46173570000003,POINT (-113.46173570000003 53.56113479999785)
Ottewell,6550,8,53.53867339999784,-113.42218150000002,POINT (-113.42218150000002 53.53867339999784)
Callingwood North,4070,5,53.5049702999978,-113.62707920000001,POINT (-113.62707920000001 53.5049702999978)
Maple Ridge,6410,11,53.49968449999782,-113.36747660000003,POINT (-113.36747660000003 53.49968449999782)
Mill Creek Ravine North,6491,8,53.523523099997824,-113.47936420000003,POINT (-113.47936420000003 53.523523099997824)
Davies Industrial West,6170,11,53.49179219999782,-113.45629020000003,POINT (-113.45629020000003 53.49179219999782)
Kennedale Industrial,2380,4,53.58630699999786,-113.43164710000003,POINT (-113.43164710000003 53.58630699999786)
Newton,2560,7,53.575193199997855,-113.42660500000002,POINT (-113.42660500000002 53.575193199997855)
Downtown,1090,6,53.54314109999783,-113.50456960000002,POINT (-113.50456960000002 53.54314109999783)
Empire Park,5170,10,53.486431399997805,-113.51618610000003,POINT (-113.51618610000003 53.486431399997805)
Woodcroft,3450,2,53.56449199999786,-113.56194600000003,POINT (-113.56194600000003 53.56449199999786)
River Valley Highlands,2640,7,53.56520089999785,-113.41432470000002,POINT (-113.41432470000002 53.56520089999785)
Beaumaris,3040,3,53.61699149999788,-113.51641600000004,POINT (-113.51641600000004 53.61699149999788)
McKernan,5290,8,53.514079999997826,-113.52487600000003,POINT (-113.52487600000003 53.514079999997826)
River Valley Walterdale,5390,8,53.52716239999783,-113.50614090000003,POINT (-113.50614090000003 53.52716239999783)
Kiniski Gardens,6370,11,53.4700540999978,-113.40909940000003,POINT (-113.40909940000003 53.4700540999978)
Terra Losa,4540,1,53.53286619999783,-113.62519300000001,POINT (-113.62519300000001 53.53286619999783)
Ritchie,6610,11,53.51757889999782,-113.48857130000003,POINT (-113.48857130000003 53.51757889999782)
Glastonbury,4720,5,53.50225389999781,-113.66972390000001,POINT (-113.66972390000001 53.50225389999781)
Avonmore,6020,11,53.50967019999782,-113.44915320000003,POINT (-113.44915320000003 53.50967019999782)
West Jasper Place,4580,1,53.53368269999783,-113.58410300000003,POINT (-113.58410300000003 53.53368269999783)
Eaux Claires,2241,3,53.61811629999788,-113.48960520000003,POINT (-113.48960520000003 53.61811629999788)
High Park,4200,1,53.55567649999785,-113.58987770000003,POINT (-113.58987770000003 53.55567649999785)
Mistatim Industrial,4320,2,53.598261799997864,-113.60306220000002,POINT (-113.60306220000002 53.598261799997864)
Kameyosek,6340,11,53.45864699999779,-113.44397810000002,POINT (-113.44397810000002 53.45864699999779)
Minchau,6530,12,53.4683266999978,-113.40929210000003,POINT (-113.40929210000003 53.4683266999978)
Aspen Gardens,5020,10,53.47486699999781,-113.54155200000002,POINT (-113.54155200000002 53.47486699999781)
Northmount,2580,7,53.600345899997855,-113.49136240000003,POINT (-113.49136240000003 53.600345899997855)
Leger,5630,9,53.45571199999779,-113.58128280000003,POINT (-113.58128280000003 53.45571199999779)
Eastwood,1100,7,53.570709999997845,-113.47187900000003,POINT (-113.47187900000003 53.570709999997845)
McKernan,5290,8,53.51252339999782,-113.52558410000003,POINT (-113.52558410000003 53.51252339999782)
West Meadowlark Park,4590,1,53.52371669999783,-113.61413930000003,POINT (-113.61413930000003 53.52371669999783)
Boyle Street,1020,6,53.54331409999784,-113.48575910000002,POINT (-113.48575910000002 53.54331409999784)
Clareview Town Centre,2145,4,53.60174379999788,-113.41095030000002,POINT (-113.41095030000002 53.60174379999788)
Caernarvon,3060,2,53.61126259999787,-113.52643520000002,POINT (-113.52643520000002 53.61126259999787)
Downtown,1090,6,53.54084659999784,-113.49909210000003,POINT (-113.49909210000003 53.54084659999784)
Dunluce,3180,3,53.615596999997884,-113.52021350000003,POINT (-113.52021350000003 53.615596999997884)
Britannia Youngstown,4060,1,53.54738559999785,-113.59290550000003,POINT (-113.59290550000003 53.54738559999785)
Cashman,5466,10,53.41166059999777,-113.49793870000003,POINT (-113.49793870000003 53.41166059999777)
Downtown,1090,6,53.544537299997835,-113.48758510000003,POINT (-113.48758510000003 53.544537299997835)
River Valley Whitemud,5400,10,53.51037699999782,-113.54031200000003,POINT (-113.54031200000003 53.51037699999782)
White Industrial,4630,1,53.55680789999785,-113.65095070000001,POINT (-113.65095070000001 53.55680789999785)
Davies Industrial West,6170,11,53.494267099997806,-113.45733510000002,POINT (-113.45733510000002 53.494267099997806)
Alberta Avenue,1010,7,53.56587369999785,-113.49162860000003,POINT (-113.49162860000003 53.56587369999785)
Beaumaris,3040,3,53.61677989999787,-113.51660370000002,POINT (-113.51660370000002 53.61677989999787)
Forest Heights,6230,8,53.55311899999784,-113.43956480000003,POINT (-113.43956480000003 53.55311899999784)
Silver Berry,6442,12,53.45822929999779,-113.39264260000003,POINT (-113.39264260000003 53.45822929999779)
Strathcona,5480,8,53.52262099999781,-113.47827000000002,POINT (-113.47827000000002 53.52262099999781)
Central McDougall,1030,6,53.558746599997846,-113.50209210000003,POINT (-113.50209210000003 53.558746599997846)
Athlone,3010,2,53.59180399999788,-113.54165250000003,POINT (-113.54165250000003 53.59180399999788)
Clareview Town Centre,2145,4,53.60231749999786,-113.40413950000003,POINT (-113.40413950000003 53.60231749999786)
River Valley Victoria,1200,6,53.53341789999784,-113.51095940000003,POINT (-113.51095940000003 53.53341789999784)
Idylwylde,6320,8,53.52290019999784,-113.45147960000003,POINT (-113.45147960000003 53.52290019999784)
Kennedale Industrial,2380,4,53.58628629999786,-113.43276290000003,POINT (-113.43276290000003 53.58628629999786)
Tamarack,6443,12,53.47865879999781,-113.36835130000001,POINT (-113.36835130000001 53.47865879999781)
Allendale,5010,10,53.501125999997825,-113.50186000000001,POINT (-113.50186000000001 53.501125999997825)
South Terwillegar,5642,9,53.43972899999778,-113.58089790000002,POINT (-113.58089790000002 53.43972899999778)
Cloverdale,6070,8,53.538205999997835,-113.46432430000003,POINT (-113.46432430000003 53.538205999997835)
Ermineskin,5180,10,53.457267199997794,-113.51548730000003,POINT (-113.51548730000003 53.457267199997794)
Mill Woods Town Centre,6520,11,53.45664619999779,-113.42620470000003,POINT (-113.42620470000003 53.45664619999779)
Callingwood North,4070,5,53.50660489999782,-113.61970780000003,POINT (-113.61970780000003 53.50660489999782)
River Valley Walterdale,5390,8,53.526467999997834,-113.48846600000003,POINT (-113.48846600000003 53.526467999997834)
Queen Alexandra,5330,8,53.516701999997814,-113.51109320000003,POINT (-113.51109320000003 53.516701999997814)
Gariepy,4160,5,53.49347289999781,-113.62379940000001,POINT (-113.62379940000001 53.49347289999781)
Ritchie,6610,11,53.51381179999784,-113.48239020000003,POINT (-113.48239020000003 53.51381179999784)
Mitchell Industrial,4330,2,53.57204679999786,-113.58949700000002,POINT (-113.58949700000002 53.57204679999786)
River Valley Highlands,2640,7,53.565214799997854,-113.42155240000002,POINT (-113.42155240000002 53.565214799997854)
Empire Park,5170,10,53.48551139999782,-113.51622700000003,POINT (-113.51622700000003 53.48551139999782)
Woodcroft,3450,2,53.561518899997864,-113.55566680000003,POINT (-113.55566680000003 53.561518899997864)
Leger,5630,9,53.455158199997776,-113.57989940000003,POINT (-113.57989940000003 53.455158199997776)
Ellerslie Industrial,6214,12,53.41246529999777,-113.49110590000002,POINT (-113.49110590000002 53.41246529999777)
Ambleside,5505,9,53.426790499997786,-113.58762200000002,POINT (-113.58762200000002 53.426790499997786)
Meadowlark Park,4310,1,53.525851399997826,-113.59741980000003,POINT (-113.59741980000003 53.525851399997826)
University of Alberta,5520,8,53.52078799999783,-113.52610700000002,POINT (-113.52610700000002 53.52078799999783)
Boyle Street,1020,6,53.547844699997846,-113.48765220000003,POINT (-113.48765220000003 53.547844699997846)
Downtown,1090,6,53.54247549999784,-113.49022740000002,POINT (-113.49022740000002 53.54247549999784)
Silver Berry,6442,12,53.45742319999779,-113.38416260000002,POINT (-113.38416260000002 53.45742319999779)
Downtown,1090,6,53.544650999997835,-113.49758860000003,POINT (-113.49758860000003 53.544650999997835)
Evergreen,2270,4,53.62886029999788,-113.35249610000002,POINT (-113.35249610000002 53.62886029999788)
Davies Industrial West,6170,11,53.49211959999781,-113.45976300000002,POINT (-113.45976300000002 53.49211959999781)
University of Alberta,5520,8,53.52499649999783,-113.52107710000003,POINT (-113.52107710000003 53.52499649999783)
Central McDougall,1030,6,53.54877829999785,-113.50090870000002,POINT (-113.50090870000002 53.54877829999785)
River Valley Victoria,1200,6,53.532629599997826,-113.50927150000003,POINT (-113.50927150000003 53.532629599997826)
Downtown,1090,6,53.54238299999784,-113.48983310000003,POINT (-113.48983310000003 53.54238299999784)
Kilkenny,2410,3,53.60726749999787,-113.44452560000003,POINT (-113.44452560000003 53.60726749999787)
Bonnie Doon,6040,8,53.52367319999782,-113.45626550000003,POINT (-113.45626550000003 53.52367319999782)
Eastwood,1100,7,53.57072789999785,-113.45968500000002,POINT (-113.45968500000002 53.57072789999785)
Davies Industrial West,6170,11,53.49595169999781,-113.45767130000003,POINT (-113.45767130000003 53.49595169999781)
Boyle Street,1020,6,53.54717479999784,-113.48387270000003,POINT (-113.48387270000003 53.54717479999784)
Terrace Heights,6730,8,53.540164999997835,-113.43217300000003,POINT (-113.43217300000003 53.540164999997835)
River Valley Lessard North,4440,5,53.51041299999782,-113.60439600000002,POINT (-113.60439600000002 53.51041299999782)
Kennedale Industrial,2380,4,53.58670089999786,-113.43414810000003,POINT (-113.43414810000003 53.58670089999786)
Woodcroft,3450,2,53.56397549999784,-113.55384350000003,POINT (-113.55384350000003 53.56397549999784)
Davies Industrial West,6170,11,53.492280799997815,-113.45539260000002,POINT (-113.45539260000002 53.492280799997815)
Yellowhead Corridor East,1270,7,53.58147259999786,-113.45031920000002,POINT (-113.45031920000002 53.58147259999786)
Tamarack,6443,12,53.47815229999778,-113.36655990000003,POINT (-113.36655990000003 53.47815229999778)
Ambleside,5505,9,53.42548949999778,-113.58773040000003,POINT (-113.58773040000003 53.42548949999778)
Glenwood,4180,1,53.54063659999784,-113.59176100000003,POINT (-113.59176100000003 53.54063659999784)
Holyrood,6310,8,53.53015859999782,-113.45278340000003,POINT (-113.45278340000003 53.53015859999782)
Lansdowne,5260,10,53.487266999997814,-113.54501900000002,POINT (-113.54501900000002 53.487266999997814)
Mill Woods Town Centre,6520,11,53.455682599997786,-113.42514430000003,POINT (-113.42514430000003 53.455682599997786)
River Valley Walterdale,5390,8,53.526641199997826,-113.50651010000003,POINT (-113.50651010000003 53.526641199997826)
Callaghan,5457,10,53.40535589999777,-113.52539350000004,POINT (-113.52539350000004 53.40535589999777)
Kennedale Industrial,2380,4,53.585930799997854,-113.42816690000002,POINT (-113.42816690000002 53.585930799997854)
Potter Greens,4710,1,53.52311199999782,-113.66606140000002,POINT (-113.66606140000002 53.52311199999782)
University of Alberta Farm,5530,10,53.501972899997796,-113.52820220000002,POINT (-113.52820220000002 53.501972899997796)
Mitchell Industrial,4330,2,53.57228149999786,-113.58735830000003,POINT (-113.58735830000003 53.57228149999786)
McIntyre Industrial,6430,11,53.48551059999781,-113.45214400000003,POINT (-113.45214400000003 53.48551059999781)
Wellington,3430,2,53.59613309999787,-113.55007000000003,POINT (-113.55007000000003 53.59613309999787)
Kennedale Industrial,2380,4,53.593632999997865,-113.41937420000002,POINT (-113.41937420000002 53.593632999997865)
Downtown,1090,6,53.54333139999783,-113.49357540000003,POINT (-113.49357540000003 53.54333139999783)
Downtown,1090,6,53.544790099997826,-113.49355710000003,POINT (-113.49355710000003 53.544790099997826)
Boyle Street,1020,6,53.54839199999784,-113.48209100000003,POINT (-113.48209100000003 53.54839199999784)
Eastgate Business Park,6180,8,53.53456359999783,-113.41583690000003,POINT (-113.41583690000003 53.53456359999783)
Downtown,1090,6,53.53623619999782,-113.49922720000004,POINT (-113.49922720000004 53.53623619999782)
Prince Rupert,1170,2,53.560889999997855,-113.51513400000003,POINT (-113.51513400000003 53.560889999997855)
Belle Rive,2050,3,53.62837819999788,-113.47025880000002,POINT (-113.47025880000002 53.62837819999788)
Downtown,1090,6,53.54293709999785,-113.50266220000003,POINT (-113.50266220000003 53.54293709999785)
Satoo,6680,11,53.446320399997774,-113.46099470000003,POINT (-113.46099470000003 53.446320399997774)
Montrose,2550,7,53.57050239999786,-113.44473240000003,POINT (-113.44473240000003 53.57050239999786)
Magrath Heights,5476,9,53.44420009999778,-113.55755790000003,POINT (-113.55755790000003 53.44420009999778)
Terrace Heights,6730,8,53.54158839999784,-113.43591090000002,POINT (-113.43591090000002 53.54158839999784)
Downtown,1090,6,53.54430709999782,-113.48828040000002,POINT (-113.48828040000002 53.54430709999782)
Mayfield,4290,1,53.55442879999784,-113.59821610000003,POINT (-113.59821610000003 53.55442879999784)
Parkdale,1160,7,53.56334599999785,-113.47116800000003,POINT (-113.47116800000003 53.56334599999785)
Balwin,2020,7,53.58714339999786,-113.45658060000002,POINT (-113.45658060000002 53.58714339999786)
Queen Alexandra,5330,8,53.51759999999782,-113.51179290000003,POINT (-113.51179290000003 53.51759999999782)
River Valley Walterdale,5390,8,53.52629599999783,-113.50459190000002,POINT (-113.50459190000002 53.52629599999783)
Strathearn,6710,8,53.53250229999784,-113.46396910000003,POINT (-113.46396910000003 53.53250229999784)
McCauley,1140,6,53.560297299997856,-113.47098060000003,POINT (-113.47098060000003 53.560297299997856)
Mitchell Industrial,4330,2,53.57203299999785,-113.58983210000002,POINT (-113.58983210000002 53.57203299999785)
Duggan,5160,10,53.472990099997794,-113.50517700000003,POINT (-113.50517700000003 53.472990099997794)
Clareview Town Centre,2145,4,53.60188649999788,-113.41198360000003,POINT (-113.41198360000003 53.60188649999788)
Meadowlark Park,4310,1,53.521647699997835,-113.59489540000003,POINT (-113.59489540000003 53.521647699997835)
Downtown,1090,6,53.54568829999784,-113.49132230000002,POINT (-113.49132230000002 53.54568829999784)
Downtown,1090,6,53.53575889999782,-113.49755220000003,POINT (-113.49755220000003 53.53575889999782)
Hagmann Estate Industrial,3220,2,53.58127279999786,-113.54231920000002,POINT (-113.54231920000002 53.58127279999786)
Richfield,6600,11,53.46897179999779,-113.45372020000003,POINT (-113.45372020000003 53.46897179999779)
Mill Woods Golf Course,6500,11,53.481833399997804,-113.42899660000003,POINT (-113.42899660000003 53.481833399997804)
Ormsby Place,4380,5,53.496720299997804,-113.63027030000002,POINT (-113.63027030000002 53.496720299997804)
Downtown,1090,6,53.53875259999785,-113.49760540000003,POINT (-113.49760540000003 53.53875259999785)
Blatchford Area,1111,2,53.57780229999787,-113.50566800000001,POINT (-113.50566800000001 53.57780229999787)
Hairsine,2320,4,53.601402299997865,-113.38698370000003,POINT (-113.38698370000003 53.601402299997865)
Kennedale Industrial,2380,4,53.594627299997875,-113.42080960000003,POINT (-113.42080960000003 53.594627299997875)
Mill Creek Ravine South,6492,11,53.50538429999782,-113.46303890000003,POINT (-113.46303890000003 53.50538429999782)
Ellerslie Industrial,6214,12,53.41159329999777,-113.48982280000003,POINT (-113.48982280000003 53.41159329999777)
Downtown,1090,6,53.54237399999783,-113.49071030000003,POINT (-113.49071030000003 53.54237399999783)
Potter Greens,4710,1,53.52318539999782,-113.66718530000001,POINT (-113.66718530000001 53.52318539999782)
Ermineskin,5180,10,53.4577717999978,-113.51555310000003,POINT (-113.51555310000003 53.4577717999978)
Downtown,1090,6,53.54314909999785,-113.50820950000004,POINT (-113.50820950000004 53.54314909999785)
Baturyn,3030,3,53.6324770999979,-113.50383760000003,POINT (-113.50383760000003 53.6324770999979)
Boyle Street,1020,6,53.54686069999784,-113.48721110000002,POINT (-113.48721110000002 53.54686069999784)
Britannia Youngstown,4060,1,53.54865279999784,-113.59738050000003,POINT (-113.59738050000003 53.54865279999784)
Lauderdale,3260,2,53.58919689999787,-113.50322450000003,POINT (-113.50322450000003 53.58919689999787)
Downtown,1090,6,53.537179599997835,-113.49726750000004,POINT (-113.49726750000004 53.537179599997835)
Walker,6662,12,53.41990469999777,-113.43067650000003,POINT (-113.43067650000003 53.41990469999777)
Northmount,2580,7,53.599835099997875,-113.48912090000003,POINT (-113.48912090000003 53.599835099997875)
McKernan,5290,8,53.512339599997816,-113.52639690000002,POINT (-113.52639690000002 53.512339599997816)
Montrose,2550,7,53.570870299997864,-113.44517360000003,POINT (-113.44517360000003 53.570870299997864)
Davies Industrial West,6170,11,53.494455399997804,-113.45776430000002,POINT (-113.45776430000002 53.494455399997804)
Downtown,1090,6,53.53560259999782,-113.50279680000003,POINT (-113.50279680000003 53.53560259999782)
Morris Industrial,6540,11,53.51803139999782,-113.41647330000004,POINT (-113.41647330000004 53.51803139999782)
Clareview Town Centre,2145,4,53.60185509999786,-113.41023130000004,POINT (-113.41023130000004 53.60185509999786)
Bonnie Doon,6040,8,53.523832699997826,-113.45712510000003,POINT (-113.45712510000003 53.523832699997826)
Montrose,2550,7,53.57049079999785,-113.44516820000003,POINT (-113.44516820000003 53.57049079999785)
Glengarry,2290,7,53.594578499997866,-113.47671260000003,POINT (-113.47671260000003 53.594578499997866)
Tamarack,6443,12,53.4788407999978,-113.36746890000003,POINT (-113.36746890000003 53.4788407999978)
Riverdale,1210,6,53.54451579999784,-113.47451540000003,POINT (-113.47451540000003 53.54451579999784)
Westwood,1250,2,53.57643599999786,-113.50029400000003,POINT (-113.50029400000003 53.57643599999786)
Lendrum Place,5270,10,53.494079999997815,-113.52441800000003,POINT (-113.52441800000003 53.494079999997815)
Garneau,5200,8,53.525314199997815,-113.51382650000002,POINT (-113.51382650000002 53.525314199997815)
Clareview Town Centre,2145,4,53.60173019999787,-113.41097580000003,POINT (-113.41097580000003 53.60173019999787)
Summerlea,4520,1,53.52014769999782,-113.62175750000002,POINT (-113.62175750000002 53.52014769999782)
Haddow,5610,9,53.459248999997804,-113.59131000000002,POINT (-113.59131000000002 53.459248999997804)
Blatchford Area,1111,2,53.57993099999785,-113.50650390000003,POINT (-113.50650390000003 53.57993099999785)
Lymburn,4270,5,53.50629719999782,-113.64847170000002,POINT (-113.64847170000002 53.50629719999782)
Mistatim Industrial,4320,2,53.597772699997876,-113.60382790000003,POINT (-113.60382790000003 53.597772699997876)
Oliver,1150,6,53.54218669999785,-113.53462950000002,POINT (-113.53462950000002 53.54218669999785)
White Industrial,4630,1,53.55683349999784,-113.64995690000002,POINT (-113.64995690000002 53.55683349999784)
River Valley Victoria,1200,6,53.539665799997834,-113.52880020000003,POINT (-113.52880020000003 53.539665799997834)
Kildare,2400,7,53.60535039999786,-113.45522190000003,POINT (-113.45522190000003 53.60535039999786)
Callingwood North,4070,5,53.50480169999781,-113.62635860000002,POINT (-113.62635860000002 53.50480169999781)
Abbottsfield,2010,7,53.57254939999785,-113.38933750000002,POINT (-113.38933750000002 53.57254939999785)
Parkview,3330,1,53.525646399997825,-113.56975700000002,POINT (-113.56975700000002 53.525646399997825)
Oliver,1150,6,53.54081979999785,-113.51043380000003,POINT (-113.51043380000003 53.54081979999785)
Maple Ridge,6410,11,53.49938299999781,-113.36710080000003,POINT (-113.36710080000003 53.49938299999781)
Boyle Street,1020,6,53.543790099997835,-113.48203690000003,POINT (-113.48203690000003 53.543790099997835)
Davies Industrial West,6170,11,53.49452119999781,-113.45643000000003,POINT (-113.45643000000003 53.49452119999781)
Eaux Claires,2241,3,53.617856499997885,-113.49050610000003,POINT (-113.49050610000003 53.617856499997885)
Davies Industrial West,6170,11,53.492453999997814,-113.45676260000003,POINT (-113.45676260000003 53.492453999997814)
Downtown,1090,6,53.54288819999785,-113.49542220000002,POINT (-113.49542220000002 53.54288819999785)
Leger,5630,9,53.45543889999779,-113.58045800000002,POINT (-113.58045800000002 53.45543889999779)
Dovercourt,3170,2,53.57641619999785,-113.55880230000002,POINT (-113.55880230000002 53.57641619999785)
Rundle Heights,2660,7,53.55662379999784,-113.39365730000003,POINT (-113.39365730000003 53.55662379999784)
University of Alberta Farm,5530,10,53.50646499999781,-113.53183170000003,POINT (-113.53183170000003 53.50646499999781)
Kennedale Industrial,2380,4,53.58773729999786,-113.43432220000003,POINT (-113.43432220000003 53.58773729999786)
Montrose,2550,7,53.572873099997864,-113.43368910000002,POINT (-113.43368910000002 53.572873099997864)
Britannia Youngstown,4060,1,53.54704809999784,-113.59231400000002,POINT (-113.59231400000002 53.54704809999784)
Strathcona Junction,5151,8,53.51758199999783,-113.49736580000003,POINT (-113.49736580000003 53.51758199999783)
Cloverdale,6070,8,53.53598879999783,-113.46871300000002,POINT (-113.46871300000002 53.53598879999783)
Carlisle,3090,2,53.60550609999788,-113.52358170000002,POINT (-113.52358170000002 53.60550609999788)
Ritchie,6610,11,53.51754549999782,-113.48635570000003,POINT (-113.48635570000003 53.51754549999782)
Quesnell Heights,4420,5,53.50993609999782,-113.57007980000003,POINT (-113.57007980000003 53.50993609999782)
Kildare,2400,7,53.60176859999787,-113.45836510000002,POINT (-113.45836510000002 53.60176859999787)
Belmont,2070,4,53.59372159999786,-113.39129390000002,POINT (-113.39129390000002 53.59372159999786)
King Edward Park,6360,11,53.51348349999781,-113.45881020000003,POINT (-113.45881020000003 53.51348349999781)
Tamarack,6443,12,53.4780598999978,-113.36751280000003,POINT (-113.36751280000003 53.4780598999978)
Edmonton Northlands,1120,7,53.57085699999786,-113.45727370000003,POINT (-113.45727370000003 53.57085699999786)
River Valley Mayfair,5370,8,53.516021999997825,-113.53760200000004,POINT (-113.53760200000004 53.516021999997825)
Eaux Claires,2241,3,53.618101999997876,-113.49068340000002,POINT (-113.49068340000002 53.618101999997876)
Royal Gardens,5430,10,53.4794949999978,-113.52006880000003,POINT (-113.52006880000003 53.4794949999978)
Downtown,1090,6,53.54432689999784,-113.48750560000003,POINT (-113.48750560000003 53.54432689999784)
Poundmaker Industrial,4410,1,53.551739599997845,-113.64502610000001,POINT (-113.64502610000001 53.551739599997845)
Empire Park,5170,10,53.4848761999978,-113.51617250000002,POINT (-113.51617250000002 53.4848761999978)
McCauley,1140,6,53.56034219999785,-113.47212430000003,POINT (-113.47212430000003 53.56034219999785)
Strathcona,5480,8,53.523561499997825,-113.48042720000002,POINT (-113.48042720000002 53.523561499997825)
Kameyosek,6340,11,53.45869329999779,-113.44614530000003,POINT (-113.44614530000003 53.45869329999779)
Downtown,1090,6,53.54471829999785,-113.50458650000003,POINT (-113.50458650000003 53.54471829999785)
Davies Industrial West,6170,11,53.49287929999781,-113.46046720000002,POINT (-113.46046720000002 53.49287929999781)
Davies Industrial West,6170,11,53.49250109999781,-113.45553090000003,POINT (-113.45553090000003 53.49250109999781)
Empire Park,5170,10,53.48539589999782,-113.51613490000003,POINT (-113.51613490000003 53.48539589999782)
Parkallen,5310,10,53.50300499999782,-113.51709100000002,POINT (-113.51709100000002 53.50300499999782)
Elmwood Park,1130,7,53.58126799999786,-113.45681500000003,POINT (-113.45681500000003 53.58126799999786)
Yellowhead Corridor East,1270,7,53.58040169999787,-113.44685960000002,POINT (-113.44685960000002 53.58040169999787)
Parkdale,1160,7,53.56592969999785,-113.46718820000002,POINT (-113.46718820000002 53.56592969999785)
Beaumaris,3040,3,53.61646969999788,-113.51612900000003,POINT (-113.51612900000003 53.61646969999788)
La Perle,4240,1,53.53315269999784,-113.64470440000001,POINT (-113.64470440000001 53.53315269999784)
Terwillegar Towne,5640,9,53.448159999997785,-113.58368100000003,POINT (-113.58368100000003 53.448159999997785)
Jackson Heights,6330,11,53.47662499999781,-113.41315700000003,POINT (-113.41315700000003 53.47662499999781)
Downtown,1090,6,53.54246989999785,-113.48925910000003,POINT (-113.48925910000003 53.54246989999785)
Glenwood,4180,1,53.54065499999785,-113.59192710000004,POINT (-113.59192710000004 53.54065499999785)
River Valley Lessard North,4440,5,53.500592999997814,-113.59271900000003,POINT (-113.59271900000003 53.500592999997814)
Duggan,5160,10,53.47340559999779,-113.50513570000003,POINT (-113.50513570000003 53.47340559999779)
Beaumaris,3040,3,53.61766329999788,-113.51680780000002,POINT (-113.51680780000002 53.61766329999788)
Jasper Park,4230,1,53.521068399997816,-113.58483280000003,POINT (-113.58483280000003 53.521068399997816)
Mistatim Industrial,4320,2,53.59806729999785,-113.60373050000003,POINT (-113.60373050000003 53.59806729999785)
River Valley Mayfair,5370,8,53.52466699999782,-113.54400500000003,POINT (-113.54400500000003 53.52466699999782)
Woodcroft,3450,2,53.56070079999785,-113.55566710000002,POINT (-113.55566710000002 53.56070079999785)
Belvedere,2080,4,53.588041299997855,-113.43521810000003,POINT (-113.43521810000003 53.588041299997855)
Central McDougall,1030,6,53.54837669999783,-113.50083490000003,POINT (-113.50083490000003 53.54837669999783)
Forest Heights,6230,8,53.543006299997835,-113.45159300000003,POINT (-113.45159300000003 53.543006299997835)
Kennedale Industrial,2380,4,53.587740799997846,-113.43204270000003,POINT (-113.43204270000003 53.587740799997846)
Athlone,3010,2,53.59124519999786,-113.54163910000003,POINT (-113.54163910000003 53.59124519999786)
Boyle Street,1020,6,53.546514299997824,-113.48354160000002,POINT (-113.48354160000002 53.546514299997824)
Terrace Heights,6730,8,53.53918199999782,-113.43188100000003,POINT (-113.43188100000003 53.53918199999782)
Davies Industrial West,6170,11,53.49347919999783,-113.45662210000003,POINT (-113.45662210000003 53.49347919999783)
Westmount,3440,6,53.55641899999784,-113.54156700000003,POINT (-113.54156700000003 53.55641899999784)
Athlone,3010,2,53.58932629999788,-113.54539070000003,POINT (-113.54539070000003 53.58932629999788)
Davies Industrial West,6170,11,53.49258889999781,-113.45912340000002,POINT (-113.45912340000002 53.49258889999781)
River Valley Victoria,1200,6,53.53950639999784,-113.52884840000003,POINT (-113.52884840000003 53.53950639999784)
Ambleside,5505,9,53.426272599997766,-113.58790780000002,POINT (-113.58790780000002 53.426272599997766)
Yellowhead Corridor East,1270,7,53.57984279999785,-113.44778350000003,POINT (-113.44778350000003 53.57984279999785)
Downtown,1090,6,53.54635259999784,-113.49345440000003,POINT (-113.49345440000003 53.54635259999784)
Ambleside,5505,9,53.42536549999777,-113.58591910000003,POINT (-113.58591910000003 53.42536549999777)
Forest Heights,6230,8,53.54628099999785,-113.44426240000003,POINT (-113.44426240000003 53.54628099999785)
Strathcona,5480,8,53.528154499997825,-113.48533970000003,POINT (-113.48533970000003 53.528154499997825)
Grandview Heights,5210,10,53.49976679999782,-113.54563520000004,POINT (-113.54563520000004 53.49976679999782)
Oxford,3320,2,53.61799079999787,-113.54759290000003,POINT (-113.54759290000003 53.61799079999787)
Garneau,5200,8,53.51981579999783,-113.51387090000003,POINT (-113.51387090000003 53.51981579999783)
Queen Mary Park,1180,6,53.55403299999784,-113.52355300000004,POINT (-113.52355300000004 53.55403299999784)
Mill Woods Town Centre,6520,11,53.455826299997796,-113.42582560000002,POINT (-113.42582560000002 53.455826299997796)
Ormsby Place,4380,5,53.49749239999781,-113.63859220000002,POINT (-113.63859220000002 53.49749239999781)
Queen Alexandra,5330,8,53.51188499999782,-113.49950900000003,POINT (-113.49950900000003 53.51188499999782)
Strathcona,5480,8,53.52030399999783,-113.49365280000004,POINT (-113.49365280000004 53.52030399999783)
Belvedere,2080,4,53.59351469999786,-113.43603020000003,POINT (-113.43603020000003 53.59351469999786)
Silver Berry,6442,12,53.45823889999779,-113.39338150000003,POINT (-113.39338150000003 53.45823889999779)
Leger,5630,9,53.4554768999978,-113.57980150000003,POINT (-113.57980150000003 53.4554768999978)
Britannia Youngstown,4060,1,53.54704649999785,-113.59281020000003,POINT (-113.59281020000003 53.54704649999785)
Mill Creek Ravine North,6491,8,53.522641999997816,-113.47765980000003,POINT (-113.47765980000003 53.522641999997816)
Blatchford Area,1111,2,53.572034099997865,-113.50357960000002,POINT (-113.50357960000002 53.572034099997865)
University of Alberta Farm,5530,10,53.50185809999781,-113.52433170000003,POINT (-113.52433170000003 53.50185809999781)
Ellerslie Industrial,6214,12,53.41247969999777,-113.49006250000002,POINT (-113.49006250000002 53.41247969999777)
Clareview Town Centre,2145,4,53.60244249999788,-113.40106890000003,POINT (-113.40106890000003 53.60244249999788)
Central McDougall,1030,6,53.55880899999786,-113.50486920000003,POINT (-113.50486920000003 53.55880899999786)
Lauderdale,3260,2,53.59019999999787,-113.51297680000003,POINT (-113.51297680000003 53.59019999999787)
King Edward Park,6360,11,53.51639729999783,-113.45228790000003,POINT (-113.45228790000003 53.51639729999783)
Glenwood,4180,1,53.535523999997835,-113.60510800000003,POINT (-113.60510800000003 53.535523999997835)
Kennedale Industrial,2380,4,53.586308599997864,-113.43225060000003,POINT (-113.43225060000003 53.586308599997864)
Cromdale,1070,7,53.559880599997825,-113.47030380000002,POINT (-113.47030380000002 53.559880599997825)
Downtown,1090,6,53.535726899997826,-113.50281020000003,POINT (-113.50281020000003 53.535726899997826)
Mill Woods Town Centre,6520,11,53.45616849999779,-113.42569470000002,POINT (-113.42569470000002 53.45616849999779)
Ottewell,6550,8,53.53081399999784,-113.42517900000003,POINT (-113.42517900000003 53.53081399999784)
Kiniski Gardens,6370,11,53.47770539999781,-113.40466000000004,POINT (-113.40466000000004 53.47770539999781)
Blue Quill,5060,10,53.458120499997804,-113.52602750000003,POINT (-113.52602750000003 53.458120499997804)
Downtown,1090,6,53.53896879999783,-113.50311830000003,POINT (-113.50311830000003 53.53896879999783)
Ermineskin,5180,10,53.45777269999778,-113.51558600000003,POINT (-113.51558600000003 53.45777269999778)
Ritchie,6610,11,53.517383099997836,-113.47617490000003,POINT (-113.47617490000003 53.517383099997836)
Downtown,1090,6,53.54147569999784,-113.48873290000003,POINT (-113.48873290000003 53.54147569999784)
Meadowlark Park,4310,1,53.52382339999782,-113.59074080000003,POINT (-113.59074080000003 53.52382339999782)
Virginia Park,1240,7,53.562620999997854,-113.44954400000003,POINT (-113.44954400000003 53.562620999997854)
Potter Greens,4710,1,53.523376599997825,-113.66677900000002,POINT (-113.66677900000002 53.523376599997825)
River Valley Highlands,2640,7,53.55975319999785,-113.44428900000003,POINT (-113.44428900000003 53.55975319999785)
Beaumaris,3040,3,53.616722499997884,-113.51691020000003,POINT (-113.51691020000003 53.616722499997884)
Summerlea,4520,1,53.52052859999781,-113.62314300000001,POINT (-113.62314300000001 53.52052859999781)
Eastgate Business Park,6180,8,53.534544499997835,-113.41548550000003,POINT (-113.41548550000003 53.534544499997835)
Yellowhead Corridor East,1270,7,53.58144589999785,-113.44925290000003,POINT (-113.44925290000003 53.58144589999785)
Downtown,1090,6,53.53718709999784,-113.50129040000003,POINT (-113.50129040000003 53.53718709999784)
Downtown,1090,6,53.542940999997825,-113.50623490000002,POINT (-113.50623490000002 53.542940999997825)
Yellowhead Corridor East,1270,7,53.57908639999786,-113.44876940000003,POINT (-113.44876940000003 53.57908639999786)
Malmo Plains,5280,10,53.4854649999978,-113.53102100000002,POINT (-113.53102100000002 53.4854649999978)
McCauley,1140,6,53.56027419999785,-113.47121530000003,POINT (-113.47121530000003 53.56027419999785)
Clareview Town Centre,2145,4,53.60207919999785,-113.41155110000003,POINT (-113.41155110000003 53.60207919999785)
Beaumaris,3040,3,53.61647599999787,-113.51647230000003,POINT (-113.51647230000003 53.61647599999787)
McQueen,3300,6,53.556045299997834,-113.57057450000003,POINT (-113.57057450000003 53.556045299997834)
McCauley,1140,6,53.54881519999784,-113.48805240000003,POINT (-113.48805240000003 53.54881519999784)
River Valley Walterdale,5390,8,53.525990299997815,-113.50659420000002,POINT (-113.50659420000002 53.525990299997815)
Fraser,2280,4,53.611101299997884,-113.35804220000003,POINT (-113.35804220000003 53.611101299997884)
Davies Industrial West,6170,11,53.49360329999781,-113.46013460000003,POINT (-113.46013460000003 53.49360329999781)
Belmead,4040,1,53.526245199997824,-113.63746580000002,POINT (-113.63746580000002 53.526245199997824)
Downtown,1090,6,53.542875499997834,-113.49046880000003,POINT (-113.49046880000003 53.542875499997834)
Clareview Town Centre,2145,4,53.60226339999787,-113.40389010000003,POINT (-113.40389010000003 53.60226339999787)
Capilano,6061,8,53.55661699999785,-113.42187980000003,POINT (-113.42187980000003 53.55661699999785)
Kameyosek,6340,11,53.461156799997795,-113.44090040000003,POINT (-113.44090040000003 53.461156799997795)
Kennedale Industrial,2380,4,53.586391899997864,-113.43403350000003,POINT (-113.43403350000003 53.586391899997864)
Keheewin,5250,10,53.44787109999778,-113.51555840000003,POINT (-113.51555840000003 53.44787109999778)
Tamarack,6443,12,53.4790111999978,-113.36546130000004,POINT (-113.36546130000004 53.4790111999978)
Downtown,1090,6,53.54213819999784,-113.49352180000002,POINT (-113.49352180000002 53.54213819999784)
Clareview Town Centre,2145,4,53.60256559999787,-113.41206300000003,POINT (-113.41206300000003 53.60256559999787)
Ambleside,5505,9,53.42572879999778,-113.58642560000003,POINT (-113.58642560000003 53.42572879999778)
McKernan,5290,8,53.51239899999783,-113.52630360000003,POINT (-113.52630360000003 53.51239899999783)
Montrose,2550,7,53.572873999997846,-113.43380400000002,POINT (-113.43380400000002 53.572873999997846)
Queen Alexandra,5330,8,53.51760319999783,-113.51011520000003,POINT (-113.51011520000003 53.51760319999783)
Boyle Street,1020,6,53.54589549999783,-113.48676820000003,POINT (-113.48676820000003 53.54589549999783)
Downtown,1090,6,53.537158099997825,-113.50870510000003,POINT (-113.50870510000003 53.537158099997825)
Blatchford Area,1111,2,53.57916029999786,-113.50689220000002,POINT (-113.50689220000002 53.57916029999786)
Griesbach,3111,2,53.60548679999788,-113.49707330000003,POINT (-113.49707330000003 53.60548679999788)
Northmount,2580,7,53.599995999997866,-113.48860610000003,POINT (-113.48860610000003 53.599995999997866)
Canora,4090,1,53.54703809999784,-113.58248360000003,POINT (-113.58248360000003 53.54703809999784)
Summerside,6213,12,53.418824099997764,-113.46718850000003,POINT (-113.46718850000003 53.418824099997764)
Strathcona,5480,8,53.518529599997834,-113.49481970000002,POINT (-113.49481970000002 53.518529599997834)
McKernan,5290,8,53.512338799997835,-113.52636470000003,POINT (-113.52636470000003 53.512338799997835)
Clareview Town Centre,2145,4,53.60211859999787,-113.41147870000003,POINT (-113.41147870000003 53.60211859999787)
Ritchie,6610,11,53.51234359999781,-113.47366250000003,POINT (-113.47366250000003 53.51234359999781)
Downtown,1090,6,53.54077029999784,-113.49755470000002,POINT (-113.49755470000002 53.54077029999784)
Davies Industrial West,6170,11,53.49258559999782,-113.45719390000002,POINT (-113.45719390000002 53.49258559999782)
Potter Greens,4710,1,53.518761699997825,-113.67375850000002,POINT (-113.67375850000002 53.518761699997825)
Callingwood North,4070,5,53.504948499997816,-113.62633850000002,POINT (-113.62633850000002 53.504948499997816)
Malmo Plains,5280,10,53.48365999999781,-113.52346810000003,POINT (-113.52346810000003 53.48365999999781)
Crestwood,3140,1,53.53295299999783,-113.56798100000003,POINT (-113.56798100000003 53.53295299999783)
Abbottsfield,2010,7,53.57197239999786,-113.38981120000003,POINT (-113.38981120000003 53.57197239999786)
Bellevue,2060,7,53.566924299997865,-113.44496760000003,POINT (-113.44496760000003 53.566924299997865)
Kenilworth,6350,8,53.52262769999783,-113.43653680000003,POINT (-113.43653680000003 53.52262769999783)
Tamarack,6443,12,53.4782341999978,-113.36793030000003,POINT (-113.36793030000003 53.4782341999978)
Downtown,1090,6,53.544517199997834,-113.50686430000003,POINT (-113.50686430000003 53.544517199997834)
Mill Creek Ravine North,6491,8,53.52355829999783,-113.47597580000003,POINT (-113.47597580000003 53.52355829999783)
Yellowhead Corridor East,1270,7,53.581628699997864,-113.44827900000003,POINT (-113.44827900000003 53.581628699997864)
Empire Park,5170,10,53.4864129999978,-113.50832900000003,POINT (-113.50832900000003 53.4864129999978)
Mactaggart,5477,9,53.443981099997785,-113.55747790000002,POINT (-113.55747790000002 53.443981099997785)
Kiniski Gardens,6370,11,53.465231999997805,-113.39504700000003,POINT (-113.39504700000003 53.465231999997805)
River Valley Walterdale,5390,8,53.527453499997826,-113.50464390000003,POINT (-113.50464390000003 53.527453499997826)
King Edward Park,6360,11,53.517087099997816,-113.46731720000002,POINT (-113.46731720000002 53.517087099997816)
Mistatim Industrial,4320,2,53.59771059999787,-113.60386270000002,POINT (-113.60386270000002 53.59771059999787)
Eastwood,1100,7,53.57097649999785,-113.45871890000002,POINT (-113.45871890000002 53.57097649999785)
Bannerman,2030,4,53.60434249999787,-113.37872830000003,POINT (-113.37872830000003 53.60434249999787)
Garneau,5200,8,53.51957019999784,-113.51309070000003,POINT (-113.51309070000003 53.51957019999784)
Ellerslie Industrial,6214,12,53.41193939999776,-113.49124270000003,POINT (-113.49124270000003 53.41193939999776)
Eaux Claires,2241,3,53.61814769999788,-113.48881390000003,POINT (-113.48881390000003 53.61814769999788)
Downtown,1090,6,53.544756199997835,-113.49571620000003,POINT (-113.49571620000003 53.544756199997835)
Belvedere,2080,4,53.58801749999786,-113.43411830000002,POINT (-113.43411830000002 53.58801749999786)
Downtown,1090,6,53.544622999997834,-113.49072630000003,POINT (-113.49072630000003 53.544622999997834)
Ellerslie Industrial,6214,12,53.41115439999776,-113.49136770000003,POINT (-113.49136770000003 53.41115439999776)
Alberta Avenue,1010,7,53.57091299999785,-113.48279900000003,POINT (-113.48279900000003 53.57091299999785)
Windermere,5570,9,53.45304169999779,-113.61523770000002,POINT (-113.61523770000002 53.45304169999779)
Glengarry,2290,7,53.59283369999787,-113.47658060000003,POINT (-113.47658060000003 53.59283369999787)
Lorelei,3280,3,53.62358809999788,-113.50225390000003,POINT (-113.50225390000003 53.62358809999788)
Clareview Town Centre,2145,4,53.601876699997874,-113.41101740000003,POINT (-113.41101740000003 53.601876699997874)
Downtown,1090,6,53.53791569999784,-113.49725940000003,POINT (-113.49725940000003 53.53791569999784)
Blatchford Area,1111,2,53.579034999997866,-113.50601240000002,POINT (-113.50601240000002 53.579034999997866)
Patricia Heights,4390,5,53.51172539999782,-113.60347630000003,POINT (-113.60347630000003 53.51172539999782)
Meadowlark Park,4310,1,53.521386399997816,-113.59447060000002,POINT (-113.59447060000002 53.521386399997816)
Strathcona,5480,8,53.51990909999783,-113.49712090000003,POINT (-113.49712090000003 53.51990909999783)
Montrose,2550,7,53.570871599997844,-113.44477530000003,POINT (-113.44477530000003 53.570871599997844)
White Industrial,4630,1,53.55748429999784,-113.64988720000001,POINT (-113.64988720000001 53.55748429999784)
Downtown,1090,6,53.54435089999782,-113.49122730000003,POINT (-113.49122730000003 53.54435089999782)
Boyle Street,1020,6,53.54741999999785,-113.48352560000002,POINT (-113.48352560000002 53.54741999999785)
Strathcona,5480,8,53.52646509999782,-113.48798820000003,POINT (-113.48798820000003 53.52646509999782)
Wild Rose,6790,12,53.472177899997796,-113.38141230000002,POINT (-113.38141230000002 53.472177899997796)
Haddow,5610,9,53.459427199997805,-113.59099920000003,POINT (-113.59099920000003 53.459427199997805)
Blatchford Area,1111,2,53.579051999997844,-113.50678460000003,POINT (-113.50678460000003 53.579051999997844)
Downtown,1090,6,53.544484899997826,-113.49908680000003,POINT (-113.49908680000003 53.544484899997826)
Kilkenny,2410,3,53.61067849999788,-113.44930990000003,POINT (-113.44930990000003 53.61067849999788)
Bonnie Doon,6040,8,53.52369789999784,-113.45638080000003,POINT (-113.45638080000003 53.52369789999784)
Davies Industrial West,6170,11,53.49453809999781,-113.45632140000002,POINT (-113.45632140000002 53.49453809999781)
Sherbrooke,3410,2,53.57530589999785,-113.54793470000003,POINT (-113.54793470000003 53.57530589999785)
Davies Industrial West,6170,11,53.4918443999978,-113.45634150000002,POINT (-113.45634150000002 53.4918443999978)
Meadowlark Park,4310,1,53.523372299997824,-113.59140330000002,POINT (-113.59140330000002 53.523372299997824)
Belgravia,5040,8,53.50929999999782,-113.53109000000003,POINT (-113.53109000000003 53.50929999999782)
Mill Creek Ravine North,6491,8,53.532808499997834,-113.48023000000003,POINT (-113.48023000000003 53.532808499997834)
Boyle Street,1020,6,53.547885799997836,-113.48352470000003,POINT (-113.48352470000003 53.547885799997836)
Rosslyn,3390,2,53.59479709999787,-113.51246750000003,POINT (-113.51246750000003 53.59479709999787)
Rhatigan Ridge,5350,9,53.474018999997796,-113.58296700000002,POINT (-113.58296700000002 53.474018999997796)
Kildare,2400,7,53.60242329999787,-113.45793300000003,POINT (-113.45793300000003 53.60242329999787)
Strathcona,5480,8,53.52197589999783,-113.49322820000003,POINT (-113.49322820000003 53.52197589999783)
Tamarack,6443,12,53.479127099997804,-113.36841830000003,POINT (-113.36841830000003 53.479127099997804)
Rossdale,1220,6,53.53717999999784,-113.49545900000003,POINT (-113.49545900000003 53.53717999999784)
Poundmaker Industrial,4410,1,53.55148789999784,-113.64451650000001,POINT (-113.64451650000001 53.55148789999784)
McKernan,5290,8,53.512594399997816,-113.52208370000002,POINT (-113.52208370000002 53.512594399997816)
Beverly Heights,2100,7,53.56370999999785,-113.40653000000003,POINT (-113.40653000000003 53.56370999999785)
Kennedale Industrial,2380,4,53.587759399997864,-113.43354330000003,POINT (-113.43354330000003 53.587759399997864)
University of Alberta Farm,5530,10,53.50327469999781,-113.52849990000003,POINT (-113.52849990000003 53.50327469999781)
Grovenor,3210,6,53.54605759999783,-113.56820070000003,POINT (-113.56820070000003 53.54605759999783)
Northmount,2580,7,53.59989769999787,-113.48943490000003,POINT (-113.48943490000003 53.59989769999787)
Prince Charles,3350,2,53.57504559999787,-113.53635180000003,POINT (-113.53635180000003 53.57504559999787)
Potter Greens,4710,1,53.52319809999783,-113.66751790000002,POINT (-113.66751790000002 53.52319809999783)
Downtown,1090,6,53.54597809999784,-113.49342490000002,POINT (-113.49342490000002 53.54597809999784)
Woodcroft,3450,2,53.564232799997846,-113.55337900000004,POINT (-113.55337900000004 53.564232799997846)
Ellerslie Industrial,6214,12,53.41123109999777,-113.48957790000003,POINT (-113.48957790000003 53.41123109999777)
Blatchford Area,1111,2,53.57917149999786,-113.50718450000002,POINT (-113.50718450000002 53.57917149999786)
Downtown,1090,6,53.53962739999783,-113.49349910000002,POINT (-113.49349910000002 53.53962739999783)
Downtown,1090,6,53.538980599997835,-113.50094730000004,POINT (-113.50094730000004 53.538980599997835)
Summerlea,4520,1,53.520604599997824,-113.62210250000001,POINT (-113.62210250000001 53.520604599997824)
Clareview Town Centre,2145,4,53.60145649999787,-113.41141170000003,POINT (-113.41141170000003 53.60145649999787)
Clareview Town Centre,2145,4,53.602152399997884,-113.41178450000002,POINT (-113.41178450000002 53.602152399997884)
Cloverdale,6070,8,53.53761419999784,-113.48527780000003,POINT (-113.48527780000003 53.53761419999784)
Mitchell Industrial,4330,2,53.57223169999786,-113.58953180000003,POINT (-113.58953180000003 53.57223169999786)
Spruce Avenue,1230,2,53.560841199997846,-113.49331920000003,POINT (-113.49331920000003 53.560841199997846)
York,2720,4,53.60240509999787,-113.43254230000002,POINT (-113.43254230000002 53.60240509999787)
Garneau,5200,8,53.52203139999783,-113.51251620000002,POINT (-113.51251620000002 53.52203139999783)
Fulton Place,6240,8,53.54639809999784,-113.42521180000003,POINT (-113.42521180000003 53.54639809999784)
Belvedere,2080,4,53.58780729999786,-113.43634990000002,POINT (-113.43634990000002 53.58780729999786)
Mitchell Industrial,4330,2,53.57074409999785,-113.58773170000003,POINT (-113.58773170000003 53.57074409999785)
Beaumaris,3040,3,53.61484799999788,-113.51237680000003,POINT (-113.51237680000003 53.61484799999788)
Parkdale,1160,7,53.56727649999785,-113.46364290000002,POINT (-113.46364290000002 53.56727649999785)
Davies Industrial West,6170,11,53.4931282999978,-113.45849310000003,POINT (-113.45849310000003 53.4931282999978)
Davies Industrial West,6170,11,53.49315909999781,-113.45959160000002,POINT (-113.45959160000002 53.49315909999781)
Boyle Street,1020,6,53.545679999997844,-113.48314120000003,POINT (-113.48314120000003 53.545679999997844)
Coronet Industrial,6100,11,53.488974199997806,-113.48013680000003,POINT (-113.48013680000003 53.488974199997806)
Central McDougall,1030,6,53.558383999997844,-113.50196760000003,POINT (-113.50196760000003 53.558383999997844)
Boyle Street,1020,6,53.545152699997836,-113.48469960000001,POINT (-113.48469960000001 53.545152699997836)
Clareview Town Centre,2145,4,53.602060599997856,-113.40077380000002,POINT (-113.40077380000002 53.602060599997856)
Davies Industrial West,6170,11,53.49302119999781,-113.45660230000001,POINT (-113.45660230000001 53.49302119999781)
Terrace Heights,6730,8,53.54109099999784,-113.43243800000003,POINT (-113.43243800000003 53.54109099999784)
Dunluce,3180,3,53.616497999997875,-113.52580200000003,POINT (-113.52580200000003 53.616497999997875)
River Valley Victoria,1200,6,53.53226629999784,-113.51091290000002,POINT (-113.51091290000002 53.53226629999784)
Kennedale Industrial,2380,4,53.58659829999786,-113.43165250000003,POINT (-113.43165250000003 53.58659829999786)
Inglewood,3240,2,53.56660009999785,-113.53899960000003,POINT (-113.53899960000003 53.56660009999785)
Strathearn,6710,8,53.53528149999782,-113.45634980000003,POINT (-113.45634980000003 53.53528149999782)
McKernan,5290,8,53.511822999997825,-113.51701900000003,POINT (-113.51701900000003 53.511822999997825)
Glenwood,4180,1,53.541071099997836,-113.59185720000004,POINT (-113.59185720000004 53.541071099997836)
River Valley Lessard North,4440,5,53.50362499999781,-113.59174000000003,POINT (-113.59174000000003 53.50362499999781)
Mill Woods Town Centre,6520,11,53.45641399999779,-113.42622530000003,POINT (-113.42622530000003 53.45641399999779)
Greenfield,5220,10,53.473859199997804,-113.52620740000003,POINT (-113.52620740000003 53.473859199997804)
River Valley Highlands,2640,7,53.558216399997846,-113.44816590000003,POINT (-113.44816590000003 53.558216399997846)
Morin Industrial,4340,1,53.54309459999785,-113.62800930000002,POINT (-113.62800930000002 53.54309459999785)
Potter Greens,4710,1,53.523196499997816,-113.66735690000002,POINT (-113.66735690000002 53.523196499997816)
Inglewood,3240,2,53.56058419999786,-113.53575520000003,POINT (-113.53575520000003 53.56058419999786)
Empire Park,5170,10,53.486427399997794,-113.51616600000003,POINT (-113.51616600000003 53.486427399997794)
Aldergrove,4020,1,53.51897149999783,-113.63659190000001,POINT (-113.63659190000001 53.51897149999783)
Beaumaris,3040,3,53.61629469999787,-113.51611560000003,POINT (-113.51611560000003 53.61629469999787)
Meyokumin,6460,11,53.450549599997785,-113.42878230000002,POINT (-113.42878230000002 53.450549599997785)
Oxford,3320,2,53.617860799997885,-113.54754050000003,POINT (-113.54754050000003 53.617860799997885)
Strathcona,5480,8,53.51892789999783,-113.49488710000003,POINT (-113.49488710000003 53.51892789999783)
Mill Woods Town Centre,6520,11,53.45652419999779,-113.42704070000003,POINT (-113.42704070000003 53.45652419999779)
Twin Brooks,5511,10,53.44381399999777,-113.52703600000002,POINT (-113.52703600000002 53.44381399999777)
West Meadowlark Park,4590,1,53.52966909999783,-113.60674900000002,POINT (-113.60674900000002 53.52966909999783)
Central McDougall,1030,6,53.54958029999784,-113.50029070000002,POINT (-113.50029070000002 53.54958029999784)
Downtown,1090,6,53.53573089999782,-113.50125000000003,POINT (-113.50125000000003 53.53573089999782)
McCauley,1140,6,53.54887249999785,-113.48807520000003,POINT (-113.48807520000003 53.54887249999785)
Oliver,1150,6,53.54528699999785,-113.52581700000003,POINT (-113.52581700000003 53.54528699999785)
Yellowhead Corridor East,1270,7,53.580016299997865,-113.45041090000001,POINT (-113.45041090000001 53.580016299997865)
Downtown,1090,6,53.54108309999785,-113.50678360000003,POINT (-113.50678360000003 53.54108309999785)
Downtown,1090,6,53.54074989999783,-113.50307540000003,POINT (-113.50307540000003 53.54074989999783)
McCauley,1140,6,53.55990529999783,-113.47128310000002,POINT (-113.47128310000002 53.55990529999783)
Lauderdale,3260,2,53.58542979999786,-113.49323270000002,POINT (-113.49323270000002 53.58542979999786)
Blue Quill,5060,10,53.45816479999779,-113.52534740000003,POINT (-113.52534740000003 53.45816479999779)
McQueen,3300,6,53.553895599997844,-113.57108000000002,POINT (-113.57108000000002 53.553895599997844)
Davies Industrial West,6170,11,53.4937788999978,-113.45866720000002,POINT (-113.45866720000002 53.4937788999978)
Fraser,2280,4,53.61124269999787,-113.37212720000002,POINT (-113.37212720000002 53.61124269999787)
River Valley Mayfair,5370,8,53.52444499999783,-113.54229700000003,POINT (-113.54229700000003 53.52444499999783)
River Valley Kinnaird,1190,7,53.54831729999784,-113.47504610000003,POINT (-113.47504610000003 53.54831729999784)
Blatchford Area,1111,2,53.572355999997846,-113.50416500000003,POINT (-113.50416500000003 53.572355999997846)
Davies Industrial West,6170,11,53.49176189999781,-113.45573500000003,POINT (-113.45573500000003 53.49176189999781)
University of Alberta,5520,8,53.52087899999783,-113.52576870000003,POINT (-113.52576870000003 53.52087899999783)
Eaux Claires,2241,3,53.61837719999787,-113.48987880000003,POINT (-113.48987880000003 53.61837719999787)
Bonnie Doon,6040,8,53.52146449999783,-113.46691420000003,POINT (-113.46691420000003 53.52146449999783)
Clareview Town Centre,2145,4,53.60163949999787,-113.40322750000001,POINT (-113.40322750000001 53.60163949999787)
Prince Rupert,1170,2,53.559087899997834,-113.50819840000003,POINT (-113.50819840000003 53.559087899997834)
Ottewell,6550,8,53.53871149999783,-113.42340390000003,POINT (-113.42340390000003 53.53871149999783)
Lauderdale,3260,2,53.58976689999786,-113.51238940000003,POINT (-113.51238940000003 53.58976689999786)
Riverdale,1210,6,53.53853079999782,-113.48787970000002,POINT (-113.48787970000002 53.53853079999782)
Yellowhead Corridor East,1270,7,53.581006799997844,-113.45126920000003,POINT (-113.45126920000003 53.581006799997844)
Ambleside,5505,9,53.42573039999778,-113.58564650000002,POINT (-113.58564650000002 53.42573039999778)
Tamarack,6443,12,53.4784890999978,-113.36546020000003,POINT (-113.36546020000003 53.4784890999978)
Poundmaker Industrial,4410,1,53.55153249999784,-113.64529700000001,POINT (-113.64529700000001 53.55153249999784)
Holyrood,6310,8,53.53128199999783,-113.45235200000003,POINT (-113.45235200000003 53.53128199999783)
Ermineskin,5180,10,53.45745279999778,-113.51591730000003,POINT (-113.51591730000003 53.45745279999778)
Brookside,5090,9,53.49174299999781,-113.56778400000003,POINT (-113.56778400000003 53.49174299999781)
Ritchie,6610,11,53.51756649999782,-113.49348490000003,POINT (-113.49348490000003 53.51756649999782)
Mistatim Industrial,4320,2,53.598075099997864,-113.60320200000002,POINT (-113.60320200000002 53.598075099997864)
Queen Alexandra,5330,8,53.5075715999978,-113.50000320000002,POINT (-113.50000320000002 53.5075715999978)
King Edward Park,6360,11,53.51281299999783,-113.46748200000003,POINT (-113.46748200000003 53.51281299999783)
Lynnwood,4280,5,53.51672309999781,-113.58960360000003,POINT (-113.58960360000003 53.51672309999781)
Montrose,2550,7,53.574653899997855,-113.44629590000002,POINT (-113.44629590000002 53.574653899997855)
Callingwood North,4070,5,53.50464299999781,-113.62615320000002,POINT (-113.62615320000002 53.50464299999781)
Beacon Heights,2040,7,53.570464199997865,-113.40161520000002,POINT (-113.40161520000002 53.570464199997865)
